audit_id,domain,capability,industry_standard_baseline,current_implementation,evidence_level,evidence_paths,status,priority,risk_if_omitted,effort,implementation_mode,recommended_decision,business_input_required,production_access_required,reusable_for_future_projects,notes
BIZ-001,Business model,Public marketing site plus protected B2B ordering portal,"Two-audience split: public Astro site for discovery, authenticated portal for pricing/ordering","Implemented as designed; public site has no cart, no prices, no availability",E1,"platform/server/web/src/pages/,platform/server/storefront/js/,docs/.../04_TARGET_ARCHITECTURE.md#8",COMPLETE,P2,low,—,no action,Keep the split exactly as built; it is the correct B2B pattern,no,no,reusable now,"Public/portal boundary is enforced by separate apps, separate routers and a forbidden-key scanner"
BIZ-002,Business model,Account application and approval,"Public application form, staff review, approval creates an account with terms",Public form stores to form_submissions; no approval-to-account path exists,E1,"platform/server/api/src/public-forms.js,platform/server/api/src/routes/admin-enquiries.js",PARTIAL — IMPLEMENT BEFORE HANDOFF,P1,moderate,M,repository implementation,"Add a governed 'convert enquiry to account' action gated on a new capability, writing users + payment_terms + currency and sending the existing welcomeActivation email",no,no,reusable after extraction,Today an approved applicant must be keyed in by hand on the Users screen; nothing links the enquiry to the account
BIZ-003,Business model,Customer-specific commercial terms,"Per-customer payment terms, currency, price mode","users.payment_terms, users.currency, users.pricing (sku/brand/cart/tier modes)",E1,"platform/server/db/migrations/0001_schema.sql:43,platform/server/api/src/migrate.js:81,js/data.js priceForCustomer",COMPLETE,P3,low,—,no action,No change,no,no,reusable now,Four pricing modes implemented and exercised by the storefront
BIZ-004,Business model,Sales-representative involvement,"Agents place orders for customers, see own book","agent role, ordering-for-customer context, agent revenue screen",E1,"platform/server/api/src/routes/agent.js,platform/server/storefront/js/pages_agent.js,js/pages_ops.js",COMPLETE — RC VERIFICATION REQUIRED,P2,moderate,S,supervised real-data operation,Verify agent scoping with two real agent accounts before handoff,no,yes,reusable after extraction,Task endpoints have no ownership scoping (see CUS-005)
PAY-001,Payments,Settlement model,"B2B wholesale settles on invoice and net terms, not card at checkout",Net-terms invoicing: checkout places an order and states 'Payment on your usual terms (net N)',E1,"platform/server/storefront/js/pages_cart.js:201,platform/server/api/src/routes/orders.js:85",COMPLETE,P2,low,—,no action,Keep net-terms settlement. This is the conventional model for B2B eyewear distribution and it is correctly implemented,no,no,reusable now,No payment is taken at checkout by design; this is not a gap
PAY-002,Payments,Stripe payment integration,"A single chosen provider integrated server-side, with webhooks and no card data touching the application","Absent. No SDK, no key, no route, no webhook, no client code",E1,"grep across repo: provider names appear only in 0001_schema.sql, shape.js and platform/docs/*",MISSING — IMPLEMENT BEFORE HANDOFF,P1,high,L,repository implementation,"APPROVED 2026-08-06: Stripe is the payment provider. Build the integration against test keys only — Stripe Elements or Checkout so no card data reaches Veyora servers, server-side intent creation, and signed webhook handling. Live activation is a post-handover client-owned action (PAY-009 to PAY-011). Apple Pay and Google Pay are NOT separate requirements: they are surfaced by Stripe's own payment sheet where the device supports them and need no additional integration work",no,no,reusable after extraction,"Supersedes the pre-decision assessment that card checkout was optional. Existing B2B net-terms settlement (PAY-001) remains fully supported and is unchanged — Stripe is added alongside it, not instead of it"
PAY-003,Payments,Stripe schema columns,Schema supports the chosen provider,payments.stripe_payment_intent column and 'stripe' in the method CHECK already exist and are unused,E1,"platform/server/db/migrations/0001_schema.sql:254-257,platform/server/api/src/shape.js:72",PARTIAL — IMPLEMENT BEFORE HANDOFF,P2,low,XS,repository implementation,"Now forward-looking rather than vestigial: the approved Stripe decision gives these columns a purpose. Keep them, and extend with the fields a real integration needs (charge/session id, status, amount received, currency, failure reason). Document them in the schema reference so their meaning is explicit",no,no,reusable after extraction,Reclassified 2026-08-06. Previously recorded as a misconception risk per platform/docs/SOW-GAP-ANALYSIS.md §6.6; the approved decision resolves that risk by making the integration real
PAY-009,Payments,Stripe account provisioning,A merchant account exists and is owned by the business,Not provisioned. No account reference anywhere in the repository,E4,repository-wide search for stripe account/publishable key/secret key,REQUIRES PRODUCTION CREDENTIALS OR ACCESS,P1,high,XS,business decision,APPROVED 2026-08-06: the client provides access to an existing Stripe account or creates a new one. Engineering builds against test keys and never holds live credentials. Client-owned,yes,yes,not applicable,Blocks PAY-010 and PAY-011 but not PAY-002 — the integration is buildable and testable against Stripe test mode without it
PAY-010,Payments,Stripe webhook registration and verification,Webhook endpoint registered with the provider and every payload signature-verified,Absent. No inbound webhook endpoint exists anywhere,E4,repository-wide search for webhook; routes/ has no such endpoint,MISSING — IMPLEMENT BEFORE HANDOFF,P1,high,M,repository implementation,"Two halves. Repository: a signature-verified, idempotent webhook endpoint keyed on the Stripe event id so a replayed or duplicated event cannot double-apply a settlement. Client-owned and supervised: registering the endpoint URL and installing the signing secret in production after handover",no,yes,reusable after extraction,"Idempotency is not optional here — Stripe retries deliveries by design. See INT-008, which this reclassifies"
PAY-011,Payments,Payout configuration and final live verification,Payouts routed to the correct bank account and verified with a real transaction,Not configured. Out of scope for a development machine,E4,no payout or bank configuration in the repository,REQUIRES PRODUCTION CREDENTIALS OR ACCESS,P1,high,S,business decision,"APPROVED 2026-08-06: payout configuration, production key installation and final end-to-end verification remain client-owned supervised actions performed after handover. Engineering must not hold or install live keys",yes,yes,not applicable,The last step before taking real money; a supervised human action by definition
PAY-012,Payments,Invoice payment through Stripe,A customer can settle an outstanding invoice online,Absent. Invoices are read-only to the customer,E1,platform/server/api/src/routes/orders.js:693-706 (read only); no payment route,MISSING — IMPLEMENT BEFORE HANDOFF,P1,high,M,repository implementation,"APPROVED 2026-08-06: a customer-facing pay-this-invoice flow creating a Stripe payment intent scoped to the invoice, with the invoice status updated only from the verified webhook and never from the browser. Net-terms customers keep the existing settlement path — paying online is an option, not a replacement",no,no,reusable after extraction,"Depends on PAY-002 and PAY-010. The webhook, not the client, is the source of truth for payment status"
PAY-013,Payments,Auditable settlement updates,Every settlement change is attributable and cannot be silently rewritten,Payments are written through the generic admin row-sync with no audit of the prior value,E1,"platform/server/api/src/shape.js:67-87,routes/admin.js:733",MISSING — IMPLEMENT BEFORE HANDOFF,P1,high,M,repository implementation,"APPROVED 2026-08-06: settlement updates must be auditable. Record every payment state change as an append-only event with actor, source (manual or stripe-webhook), amount, currency and provider reference, and write an audit_log entry. Remove payments and credit_notes from the syncable collection set",no,no,reusable after extraction,Extends PAY-006. Doubly required once a webhook can change payment state without a human actor
PAY-004,Payments,Invoice generation,"Invoice created from an order with number, amount, currency, terms",Admin creates invoices from orders; customer reads own invoices,E1,"platform/server/api/src/routes/admin.js:534,platform/server/api/src/routes/orders.js:693",COMPLETE — RC VERIFICATION REQUIRED,P2,moderate,S,supervised real-data operation,Verify numbering and currency stamping against a real order,no,yes,reusable after extraction,invoice_number_seq starts at 70001
PAY-005,Payments,Invoice PDF / document delivery,Customer can download a formal invoice document,"Browser print view only; no server-side PDF, no attachment",E1,js/pages_finance.js:334-364,MISSING — IMPLEMENT BEFORE HANDOFF,P1,high,M,repository implementation,"APPROVED 2026-08-06: PDF invoices are a required deliverable, no longer conditional. Server-side generation from the invoice record, downloadable by the customer and attachable to email. Must render the same figures the portal shows, including currency and the stamped FX rate",no,no,reusable after extraction,Reclassified 2026-08-06 from PARTIAL/P2. The earlier 'deferred is acceptable if the accounting system issues invoices' condition is superseded by the approved decision
PAY-006,Payments,Payment recording and reconciliation,Staff record receipts against invoices; ageing and collection views,"payments, credit_notes, collection_flags tables plus Payments/Collection/Statements admin screens; written through the generic /admin/sync",E1,"platform/server/api/src/shape.js:67-87,js/pages_finance.js:5,120,228,297",PARTIAL — IMPLEMENT BEFORE HANDOFF,P2,moderate,M,repository implementation,"Give payments and credit notes dedicated, audited endpoints rather than the generic row-sync, so a receipt cannot be silently rewritten and every change is attributable",no,no,reusable after extraction,Generic sync means any admin or warehouse login can rewrite a payment record with no audit trail of the prior value
PAY-007,Payments,Refunds,Refund or credit note against an invoice,"credit_notes table and screen; no refund workflow, no provider refund",E1,"platform/server/db/migrations/0001_schema.sql:260,js/pages_finance.js",PARTIAL — IMPLEMENT BEFORE HANDOFF,P2,moderate,M,repository implementation,"Credit notes remain the correct instrument for net-terms settlement. The approved Stripe decision adds a second case: an invoice settled through Stripe needs a provider refund path, reconciled back to the credit note and confirmed by webhook. Formalise issue/approve/apply as audited endpoints covering both",no,no,reusable after extraction,Reclassified 2026-08-06 from P3. Previously 'no card refund is required because no card payment is taken' — that premise no longer holds
PAY-008,Payments,Statement send to customer,Statements emailed or downloadable,'Send to Customer' raises a toast; no server call,E1,js/pages_finance.js:363-377,PARTIAL — IMPLEMENT BEFORE HANDOFF,P2,moderate,S,repository implementation,Wire to the existing sendMail path or remove the control. A button that appears to send and does not is worse than no button,no,no,reusable after extraction,Confirmed still a stub at HEAD
PAY-014,Payments,Account credit limits and order-time credit checking,"B2B accounts carry a credit ceiling that is enforced, not merely displayed","credit_limit is capability-gated (finance.credit_limit), audited with previous and new value, and consulted server-side at order time against a defined exposure: the net ledger balance plus committed but not-yet-invoiced orders. NULL means NOT CONFIGURED, never unlimited and never zero. An over-limit order is flagged for review, not rejected",E1,"platform/server/api/src/credit.js,routes/admin-credit.js,db/migrations/0018,test/commercial-credit.test.js",COMPLETE — REAL LIMITS AND CAPABILITY GRANTS OUTSTANDING,P0,high,—,supervised business decision,"Grant finance.credit_limit and finance.credit_review to the right people, then assign real limits",yes,no,reusable now,"Every account reads NULL; no numerical limits were invented. The approval workflow was completed in a later run - see PAY-015. Orders awaiting one are orders.credit_review is not null. 23 regressions injected, 22 caught; the 23rd was a semantic no-op. See 46_COMMERCIAL_CREDIT_AND_PRIVACY.md"
PAY-015,Payments,Credit review approval workflow and admin credit UI,"Staff can maintain credit limits and resolve orders held above them, under audit","Finance > Credit Reviews queue with approve/decline behind finance.credit_review - a SEPARATE capability from finance.credit_limit, because approving one order must never imply raising the ceiling. Admin credit screen on Collection & Debt. Both decisions need a reason, are written in one transaction with append-only audit evidence, and the original submission snapshot is preserved rather than overwritten",E1,"platform/server/api/src/routes/admin-credit.js,src/credit.js,db/migrations/0019,js/pages_finance.js,test/credit-operations.test.js",COMPLETE — CAPABILITY GRANTS OUTSTANDING,P0,high,—,supervised capability grant,"Grant finance.credit_review to whoever may approve an over-limit order. Nobody holds it, so the queue is unusable until then - deliberately",yes,no,reusable now,"Approving an exception NEVER changes users.credit_limit: the route issues no update to users, the response says creditLimitChanged:false, and a tamper adding the write is caught. An unapproved order cannot leave pending for fulfilment NOR be invoiced - both book the exposure the review exists to control. 25 regressions injected, 25 caught; four of the five that survived a first pass revealed real assertion gaps, which were fixed. See 47_CREDIT_OPERATIONS.md"
AUTH-001,Auth,Login / logout / session lifecycle,"Short access token, refresh rotation, httpOnly cookies","JWT access 30m + refresh 30d, httpOnly, sameSite lax, refresh_tokens table with hashes",E1,"platform/server/api/src/authmw.js:8-31,platform/server/api/src/routes/auth.js",COMPLETE,P2,low,—,no action,No change,no,no,reusable now,Refresh tokens stored hashed
AUTH-002,Auth,Secure cookie flag derivation,Secure flag set from a deliberate deployment setting,Derived from PUBLIC_URL scheme: /^https:/i.test(process.env.PUBLIC_URL),E1,platform/server/api/src/authmw.js:11-12,COMPLETE,P2,low,XS,repository implementation,"Drive the Secure flag from an explicit COOKIE_SECURE variable defaulting to true in production. The R-01 cutover changes what PUBLIC_URL refers to, and repointing or unsetting it silently drops Secure from the auth cookies with no error",no,no,reusable now,"CLOSED 2026-08-06 (Security Hardening Phase 1). Cookie security now comes from src/origins.js with an explicit COOKIE_SECURE defaulting to secure in production; PUBLIC_URL cannot affect it, and a test drives six values of it including one repointed at the public site. See 34_SECURITY_HARDENING.md §2"
AUTH-003,Auth,Password set and reset,Emailed one-time link or code with expiry,"forgot-password with 6-digit OTP, otp_codes table, 30m purpose-scoped JWT, set-password link",E1,"platform/server/api/src/routes/auth.js:66-119,platform/server/api/src/authmw.js:96",COMPLETE,P2,low,—,no action,No change,no,no,reusable now,3-day set-password token; 30m reset token
AUTH-004,Auth,Brute-force and credential-stuffing protection,Rate limit or progressive delay on authentication,"Absent. No attempt counter, no lockout, no delay, no rate limit on /auth/login",E4,platform/server/api/src/routes/auth.js (targeted search for attempt/lock/throttle/limit),COMPLETE,P2,low,S,repository implementation,"Add per-identifier and per-IP throttling with exponential backoff on failed authentication, plus an audit_log entry on lockout. This is the single most exposed unauthenticated surface in the platform",no,no,reusable now,CLOSED 2026-08-06 (Phase 2). Bounded per-client and per-account limits on all seven sensitive endpoints. The two OTP verifiers get the strictest policy: they were a six-digit code with no attempt limit at all. See 34 §4
AUTH-005,Auth,Disabled and pending accounts,A non-active account cannot authenticate or resolve authority,requireAuth rejects non-active users; getUserPermissions re-checks u.status='active',E1,platform/server/api/src/permissions.js:35-47,COMPLETE,P2,low,—,no action,No change,no,no,reusable now,Capability resolution independently re-checks account status
AUTH-006,Auth,Broad roles,A small closed role set for coarse separation,"6 roles: customer, special customer, agent, super-agent, warehouse, admin",E1,"platform/server/db/migrations/0001_schema.sql:25,js/pages_permissions.js",COMPLETE,P3,low,—,no action,No change,no,no,reusable now,Roles remain for the portal and fulfilment; capabilities govern the public-content and enquiry surfaces
AUTH-007,Auth,Account-specific capabilities,"Least-privilege, per-account grants separate from roles","6 capability keys, frozen registry, DB CHECK, no wildcard, no role fallback, revoke-in-place with attribution",E1,"platform/server/api/src/permission-registry.js,permissions.js,db/migrations/0008,0009",COMPLETE,P1,low,—,no action,Best-in-class in this repository. No change,no,no,reusable now,"Four independent enforcement layers: DB CHECK, registry, API validation, resolution filter"
AUTH-008,Auth,Capability bootstrap,"A documented, reviewed first grant",Documented procedure; deliberately not automated; NOT PERFORMED — no account holds any capability,E1,"docs/.../19_ACCOUNT_PERMISSION_SYSTEM.md#8, no INSERT in 0008 or 0009",REQUIRES PRODUCTION CREDENTIALS OR ACCESS,P0,critical,XS,supervised real-data operation,Perform the bootstrap during RC deployment. Until it is done every governed admin screen is unreachable by every account including existing administrators,yes,yes,reusable now,"Gates AUTH-009, CMS-*, ENQ-005 and every publication action"
AUTH-009,Auth,Initial account archetypes and capability allocation,Documented archetypes so grants are consistent and reviewable,Absent. No recommended allocation exists in the repository,E4,targeted search of docs/public-website-rebuild for archetype/allocation,MISSING — IMPLEMENT BEFORE HANDOFF,P1,moderate,XS,documentation/runbook,"Document four archetypes: Content Reviewer (public_content.view), Content Editor (view+edit), Publisher (view+edit+publish), Enquiry Handler (enquiries.view+manage), Permission Administrator (permissions.manage, at least two holders). Assign no real accounts",yes,no,reusable now,Documentation only; the actual grants are a business decision
AUTH-010,Auth,Final-manager protection,The last permissions administrator cannot be removed,Enforced inside the transaction against a live count,E1,platform/server/api/src/routes/account-permissions.js:180-191,COMPLETE,P2,low,—,no action,No change,no,no,reusable now,Prevents a self-inflicted lockout with no recovery path
AUTH-011,Auth,Access review,Periodic review of who holds what,"Absent. No review date, no report, no export of current grants",E4,targeted search of account-permissions.js and js/pages_permissions.js,DEFERRED — ACCEPTABLE POST-HANDOFF,P3,low,S,repository implementation,"Add a read-only 'who holds what' report. Low urgency at current scale (six capabilities, a handful of staff)",no,no,reusable after extraction,—
AUTH-012,Auth,Shared-account risk,"One human per login, no shared credentials",Not enforceable technically; no concurrent-session limit or device register,E3,inferred from users table and refresh_tokens,REQUIRES BUSINESS INPUT,P3,moderate,XS,documentation/runbook,State the one-human-per-login expectation in the runbook. Attribution in audit_log is only as good as this,yes,no,not applicable,—
PUB-001,Public website,Home page,"Positioning, brand proof, primary calls to action",SKELETON — carries the development placeholder notice,E1,platform/server/web/src/pages/index.astro,REQUIRES BUSINESS INPUT,P0,critical,M,business decision,"Approved copy and imagery required. The route, layout, metadata and navigation are built and tested; only the content is missing",yes,no,not applicable,The home page of a public site cannot launch as a placeholder
PUB-002,Public website,Why Veyora,Company positioning,SKELETON,E1,platform/server/web/src/pages/why-veyora/index.astro,REQUIRES BUSINESS INPUT,P0,high,S,business decision,Approved copy required,yes,no,not applicable,—
PUB-003,Public website,Brands index and brand detail,Brand discovery from real records,REAL — data-driven from /public/brands,E1,"platform/server/web/src/pages/brands/,platform/server/api/src/routes/public.js:369-394",COMPLETE — RC VERIFICATION REQUIRED,P1,moderate,—,supervised real-data operation,Verify against published brand records once CAT-002 is done,no,yes,reusable after extraction,Renders correctly against fixtures; no published row exists yet
PUB-004,Public website,Collections index / category / model detail,Catalogue browsing and model pages,"REAL — data-driven, with filters, facets and pagination",E1,"platform/server/web/src/pages/collections/,public.js:395-433",COMPLETE — RC VERIFICATION REQUIRED,P1,moderate,—,supervised real-data operation,Verify against published models,no,yes,reusable after extraction,—
PUB-005,Public website,Service model / Private label,Service proposition pages,SKELETON (both),E1,"platform/server/web/src/pages/service-model/,private-label/",REQUIRES BUSINESS INPUT,P1,high,S,business decision,Approved copy required,yes,no,not applicable,—
PUB-006,Public website,Global presence,Where the company operates,REAL — data-driven from /public/locations,E1,"platform/server/web/src/pages/global-presence/index.astro,public.js:434",COMPLETE — RC VERIFICATION REQUIRED,P2,moderate,—,supervised real-data operation,Needs real location rows,no,yes,reusable after extraction,—
PUB-007,Public website,Resources index and detail,Editorial/downloadable resources,"SKELETON, and no /public/resources endpoint exists to feed it",E1,"platform/server/web/src/pages/resources/,public.js (no resources route)",REQUIRES BUSINESS INPUT,P2,moderate,M,business decision,"Decide whether resources ship at launch. If yes this needs both content and a new public endpoint; if no, remove the routes rather than shipping empty pages",yes,no,not applicable,One of the few places where the route exists but the data surface does not
PUB-008,Public website,Contact / Request B2B Account / Private Label Enquiry,Working enquiry forms with validation and consent,"REAL — three forms, validated, honeypot, consent versioning, durable storage",E1,"platform/server/web/src/pages/contact/,request-b2b-account/,private-label-enquiry/,api/src/public-forms.js",COMPLETE — RC VERIFICATION REQUIRED,P0,high,—,supervised deployment,HTTPS smoke test through real Caddy is still required,no,yes,reusable after extraction,"CSRF verified through a proxy reproducing Caddy's header contract, not through Caddy itself"
PUB-009,Public website,Shipping / Warranty and exchanges / Ordering guide,Policy and process pages,SKELETON (all three),E1,"platform/server/web/src/pages/shipping/,warranty-and-exchanges/,ordering-guide/",REQUIRES BUSINESS INPUT,P1,high,S,business decision,Approved policy text required,yes,no,not applicable,"These make commercial commitments; they must be approved, not drafted by engineering"
PUB-010,Public website,Privacy policy and Terms,Binding legal text,SKELETON (both),E1,"platform/server/web/src/pages/privacy-policy/,terms/",REQUIRES LEGAL OR PRIVACY APPROVAL,P0,critical,S,business decision,Legally binding text must be supplied and approved by the business's legal adviser. Engineering must not draft it,yes,no,not applicable,A public site that collects personal data through three forms cannot launch without a privacy policy
PUB-011,Public website,Accessibility statement,A published accessibility position,SKELETON — while the site has three known WCAG findings,E1,"platform/server/web/src/pages/accessibility/index.astro,docs/.../29#5",REQUIRES BUSINESS INPUT,P1,high,XS,business decision,Must state the real conformance position. Publishing a claim that contradicts ACC-002/003/004 would be worse than publishing nothing,yes,no,not applicable,—
PUB-012,Public website,HTML sitemap page,Human-readable index of the site,"SKELETON, although sitemap.xml is real",E1,platform/server/web/src/pages/sitemap/index.astro vs sitemap.xml.ts,PARTIAL — IMPLEMENT BEFORE HANDOFF,P3,low,XS,repository implementation,"Generate the HTML sitemap from the same source as sitemap.xml, or remove the route",no,no,reusable after extraction,—
PUB-013,Public website,Error pages,Real 404 and 500 with correct status and metadata,REAL — Astro owns the catch-all so 404 is a true 404,E1,"platform/server/web/src/pages/404.astro,500.astro,docs/.../26#2",COMPLETE,P1,low,—,no action,No change,no,no,reusable after extraction,Avoiding the SPA-shell-200 failure mode is risk R-02
PUB-014,Public website,Legacy URL redirects and portal handoff,Old URLs continue to resolve,Legacy hash bridge and redirects implemented and tested,E1,"platform/server/web/test/legacy-hash-bridge.test.ts,redirects.test.ts",COMPLETE — RC VERIFICATION REQUIRED,P0,high,S,supervised deployment,Verify against the real legacy URL inventory at cutover. R-01's link fallbacks (SEC-004) must be fixed first,no,yes,reusable after extraction,—
CAT-001,Catalogue,Public / authenticated catalogue boundary,Public sees no price and no availability,Enforced by a pure allowlist serializer and a central forbidden-key scanner,E1,"platform/server/api/src/public-serialize.js,public-forbidden-keys.js",COMPLETE,P0,low,—,no action,No change,no,no,reusable now,Proven against adversarial fixtures at four surfaces; never against a real row (QA-006)
CAT-002,Catalogue,Publication controls,Draft/verify/approve/publish with a gate,Full governance lifecycle with a publication gate and content_approvals,E1,"platform/server/api/src/publication-gate.js,routes/admin-public-content.js",COMPLETE,P1,low,—,no action,No change,no,no,reusable now,Gated on AUTH-008; nobody can currently use it
CAT-003,Catalogue,Catalogue backfill,Existing products mapped to public records,Deterministic audit → review → plan chain built and tested; NOT RUN against real data,E1,"platform/server/api/src/catalogue-audit/,scripts/audit-public-catalogue.js",REQUIRES PRODUCTION CREDENTIALS OR ACCESS,P0,critical,L,supervised real-data operation,"Run the export, audit and review, then apply through the governed API. Nothing can be published until this is done",yes,yes,reusable now,The planner deliberately never emits executable SQL
CAT-004,Catalogue,Brand mapping,Products grouped under the correct public brand,Category-preferred mapping with a documented Zoho brand-column defect,E1,"platform/server/api/src/catalogue-audit/brand-mapping.js,routes/catalog.js (on the storefront branch)",PRESENT ON ANOTHER BRANCH ONLY,P1,moderate,S,supervised real-data operation,The improved chip precedence is on feat/storefront-catalog-ux-and-homepage and is not in this release candidate. Validate against real catalogue data before merging,yes,no,reusable after extraction,See docs/.../30 §4.3
CAT-005,Catalogue,Product slugs and slug-change protection,Stable public URLs with redirects on change,public_slug plus a redirect-recording trigger,E1,"platform/server/db/migrations/0007_public_site.sql,docs/.../14#7",COMPLETE,P1,low,—,no action,No change,no,no,reusable after extraction,—
CAT-006,Catalogue,Model / variation / colourway model,Model with colour variations and swatches,"variations with color, color_code, swatch_media_id, independent is_published",E1,"platform/server/db/migrations/0001_schema.sql:85,0007_public_site.sql",COMPLETE,P2,low,—,no action,No change,no,no,reusable now,—
CAT-007,Catalogue,Filters / facets / pagination / sorting,Server-driven filtering with facet counts,Public facets endpoint plus filter UI; authenticated catalogue filters in JS over the full set,E1,"public.js:421,platform/server/web/test/catalogue-filters.test.ts,routes/catalog.js:87-135",PARTIAL — IMPLEMENT BEFORE HANDOFF,P2,moderate,M,repository implementation,Public side is server-driven and correct. The authenticated catalogue loads all ~1000 products and filters in JS; move to SQL filtering before the catalogue grows,no,no,reusable after extraction,"Acceptable at 996 products, not at scale"
CAT-008,Catalogue,Search,"Text search across model, SKU, colour",Implemented on the authenticated catalogue; no public search,E1,platform/server/api/src/routes/catalog.js:175-185,PARTIAL — IMPLEMENT BEFORE HANDOFF,P2,moderate,M,repository implementation,Add public catalogue search. A public catalogue without search is below baseline for a discovery site,no,no,reusable after extraction,—
CAT-009,Catalogue,Empty and failure states,"Honest empty and error states, never a blank page",Implemented and tested on both surfaces,E1,"platform/server/web/test/public-render.test.ts,docs/.../17#7",COMPLETE,P2,low,—,no action,No change,no,no,reusable after extraction,—
CAT-010,Catalogue,Discontinued and replacement products,Discontinued models point at a successor,"is_discontinued and replacement_product_id, enforced by the publication gate",E1,"platform/server/db/migrations/0007_public_site.sql,publication-gate.js",COMPLETE,P2,low,—,no action,No change,no,no,reusable after extraction,—
CAT-011,Catalogue,Related products,Cross-sell or same-brand suggestions on a model page,Absent,E4,targeted search of collections/[brand]/[model]/index.astro,DEFERRED — ACCEPTABLE POST-HANDOFF,P3,low,S,repository implementation,Nice to have for SEO internal linking; not launch-critical,no,no,reusable after extraction,—
CAT-012,Catalogue,Shared / curated frame lists,A rep can share a curated selection,shared_lists table and portal route; deliberately stays on the portal host,E1,"platform/server/api/src/routes/catalog.js:284-373,db/migrations/0001_schema.sql:460",COMPLETE,P2,moderate,—,no action,"No change, but see SEC-004: the list URL base is an R-01 blocker",no,no,reusable after extraction,—
PRC-001,Pricing,Customer-specific pricing,"Per-customer price by SKU, brand, cart or tier",Four modes implemented and applied at catalogue and checkout,E1,"js/data.js priceForCustomer,platform/server/api/src/pricing.js",COMPLETE,P2,low,—,no action,No change,no,no,reusable now,—
PRC-002,Pricing,Price visibility control,Some customers see no prices,"hidePrices honoured through catalogue, cart and email",E1,"platform/server/api/src/emails.js:214 hidePrices,routes/catalog.js",COMPLETE,P2,low,—,no action,No change,no,no,reusable now,—
PRC-003,Pricing,Public price leakage,No price of any kind on the public site,"Prohibited by the serializer allowlist, the forbidden-key scanner, the rendered-HTML scan and the JSON-LD scan",E1,"public-forbidden-keys.js,test/public-serialize.test.js,web/test/public-render.test.ts,seo-controls.test.ts",COMPLETE,P0,low,—,no action,No change. Do not introduce public prices; the commercial model does not support them,no,no,reusable now,Four independent surfaces; still never verified against a real row (QA-006)
PRC-004,Pricing,Multi-currency,Customer currency with a stamped rate on the order,"users.currency, orders.currency + fx_rate, backorders.currency + fx_rate, invoices.currency",E1,"platform/server/api/src/migrate.js:81-84,100-101",COMPLETE,P2,low,—,no action,No change,no,no,reusable now,Historical order reproducibility is preserved by rate stamping
PRC-005,Pricing,FX rate source,Rates from a dated provider feed with an audit trail,"Manual rates in settings.data.fx with hard-coded defaults (CAD 1.37, EUR 0.92) cached ~60s",E1,"platform/server/api/src/currency.js:9,25-39",PARTIAL — IMPLEMENT BEFORE HANDOFF,P2,moderate,M,repository implementation,"Record who changed a rate and when, and require an explicit effective date. A provider feed is optional; an audit trail is not",yes,no,reusable after extraction,A stale manual rate silently misprices every order in that currency
PRC-006,Pricing,Tax / VAT representation,Tax handled or explicitly out of scope,"Absent. No tax column, no rate, no calculation anywhere",E4,targeted search of orders/invoices schema and pricing.js,REQUIRES BUSINESS INPUT,P1,high,L,business decision,"Confirm whether cross-border B2B invoices must show VAT/GST. If yes this is a substantial addition to orders, invoices and the ordering flow",yes,no,not applicable,A distributor shipping across borders normally needs this; its total absence is notable
PRC-007,Pricing,Who can change pricing,Price changes are least-privilege and audited,Any admin or warehouse login can rewrite pricing via the generic /admin/sync,E1,"platform/server/api/src/routes/admin.js:33,733,shape.js SIMPLE_COLLECTIONS",PARTIAL — IMPLEMENT BEFORE HANDOFF,P1,high,M,repository implementation,"Extend the capability model to commercial data, or at minimum exclude warehouse from pricing, promotions, invoices and payments in the sync gate (see SEC-002)",no,no,reusable after extraction,—
ORD-001,Ordering,Cart,Persistent cart with quantity validation,"cart_items and cart_drafts, stock-guarded quantities",E1,"platform/server/api/src/routes/cart.js,test/stock-guard.test.js",COMPLETE,P2,low,—,no action,No change,no,no,reusable now,—
ORD-002,Ordering,Order placement,Transactional order creation with stock reservation,place-order with planned reservations and a 409 shortage response,E1,"platform/server/api/src/routes/orders.js:85,inventory.js:138",COMPLETE,P1,low,—,no action,No change,no,no,reusable now,—
ORD-003,Ordering,Duplicate submission / idempotency,A retried submit must not create two orders,No idempotency key on place-order,E4,targeted search of routes/orders.js:85 for idempotency/Idempotency-Key,MISSING — IMPLEMENT BEFORE HANDOFF,P1,high,S,repository implementation,Accept a client-generated idempotency key on place-order and return the original result on replay. A double-tap on a slow connection currently creates two orders and two reservations,no,no,reusable now,—
ORD-004,Ordering,Order confirmation,Customer and staff notified on placement,orderConfirmation and staffOrderAlert emails sent,E1,"platform/server/api/src/emails.js:214,307,routes/orders.js:52",COMPLETE — RC VERIFICATION REQUIRED,P1,moderate,—,supervised deployment,SMTP must be configured and verified,no,yes,reusable after extraction,—
ORD-005,Ordering,Order history and detail,Customer sees own orders,get-user-orders and get-order-detail scoped to the caller,E1,"platform/server/api/src/routes/orders.js:482,499",COMPLETE,P2,low,—,no action,No change,no,no,reusable now,—
ORD-006,Ordering,Repeat / replenishment ordering,One-click reorder,repeat-order implemented,E1,platform/server/api/src/routes/orders.js:511,COMPLETE,P3,low,—,no action,No change,no,no,reusable after extraction,—
ORD-007,Ordering,Purchase-order reference,Customer PO number carried on the order,No customer PO field on orders (purchase_orders is supplier-side),E4,orders table columns; purchase_orders is a separate supplier table,MISSING — IMPLEMENT BEFORE HANDOFF,P1,moderate,XS,repository implementation,"Add a customer PO reference to the order and show it on the invoice. Standard for B2B wholesale, and customers commonly require it for their own accounts payable",yes,no,reusable now,—
ORD-008,Ordering,Order status lifecycle,Explicit statuses with controlled transitions,8 statuses with a DB CHECK and a shipped-order re-open guard,E1,"platform/server/db/migrations/0001_schema.sql:120,routes/admin.js:455-470",COMPLETE,P2,low,—,no action,No change,no,no,reusable now,"No transition allowlist between statuses, but the shipped guard covers the damaging case"
ORD-009,Ordering,Cancellation and amendment,Customer or staff can cancel or amend before dispatch,Item removal endpoint and status change; no customer-initiated cancellation,E1,platform/server/api/src/routes/orders.js:529,PARTIAL — IMPLEMENT BEFORE HANDOFF,P2,moderate,S,repository implementation,Add a customer-initiated cancellation before dispatch with a status guard,no,no,reusable after extraction,—
ORD-010,Ordering,Partial fulfilment,An order can ship in parts,Handled through the backorder split rather than partial shipments,E3,inferred from backorders conversion flow,COMPLETE,P3,low,—,no action,The backorder model is a legitimate and simpler treatment of partial fulfilment,no,no,reusable after extraction,—
BACK-001,Backorders,Detection,"Shortfall detected at checkout, not after",planSkuReservations computes shortages before the order is written,E1,"platform/server/api/src/inventory.js:93,test/backorder-state.test.js",COMPLETE,P1,low,—,no action,No change,no,no,reusable now,"A strong, reusable implementation"
BACK-002,Backorders,Customer choice and split fulfilment,Customer decides whether to accept a backorder,approve and cancel endpoints; eligible flag; fully-backordered checkouts create no order row,E1,"platform/server/api/src/routes/orders.js:604,619,db/migrations/0006_backorder_context.sql",COMPLETE,P1,low,—,no action,No change,no,no,reusable now,—
BACK-003,Backorders,Status transitions and conversion,Backorder becomes an order when stock arrives,open/approved/converted/cancelled with an admin convert endpoint,E1,"platform/server/db/migrations/0001_schema.sql:166,routes/admin.js:74",COMPLETE,P1,low,—,no action,No change,no,no,reusable now,—
BACK-004,Backorders,Expected dates,Customer told when to expect fulfilment,No expected-date field on backorders or items,E4,backorders/backorder_items columns,MISSING — IMPLEMENT BEFORE HANDOFF,P2,moderate,S,repository implementation,"Add an expected-availability date, settable by staff and shown to the customer. 'On backorder' with no date is the most common source of B2B chase-up contact",no,no,reusable after extraction,—
BACK-005,Backorders,Backorder notifications,Customer told on status change,"backorderConfirmation exists at creation; no notification on approve, convert or cancel",E1,platform/server/api/src/emails.js:273; no sendMail in orders.js:604/619,PARTIAL — IMPLEMENT BEFORE HANDOFF,P1,moderate,S,repository implementation,Send on every status transition using the existing email module,no,no,reusable after extraction,—
BACK-006,Backorders,Admin queue and reporting,Staff can see and work the backorder book,Admin backorders list and eligibility endpoint plus a screen,E1,"platform/server/api/src/routes/admin.js:410,680,js/pages_sales.js",COMPLETE,P2,low,—,no action,No change,no,no,reusable after extraction,—
INV-001,Inventory,Quantities by variation and warehouse,Stock held per location,stock table keyed by variation and warehouse,E1,platform/server/db/migrations/0001_schema.sql:103,COMPLETE,P2,low,—,no action,No change,no,no,reusable now,—
INV-002,Inventory,Immutable movements ledger,Every stock change is an append-only signed row,"inventory_movements with delta, balance_after, reason, ref, actor; no foreign keys so it outlives churn",E1,"platform/server/api/src/inventory.js:171,migrate.js",COMPLETE,P1,low,—,no action,No change. This is one of the strongest components in the repository,no,no,reusable now,Deliberately FK-free so the ledger survives variation recreation by the Zoho sync
INV-003,Inventory,Reservations and releases,"Stock reserved at order, released on cancel",reserveTakes with a guarded UPDATE and a 409 shortage response,E1,"platform/server/api/src/inventory.js:138,test/sync-race.test.js",COMPLETE,P1,low,—,no action,No change,no,no,reusable now,Race-tested
INV-004,Inventory,Receiving / transfers / adjustments,"Staff can receive, move and correct stock",Admin screens and CSV import paths,E1,"js/pages_catalog.js,platform/server/api/src/routes/admin.js",COMPLETE — RC VERIFICATION REQUIRED,P2,moderate,S,supervised real-data operation,Verify each path writes a ledger row,no,yes,reusable after extraction,—
INV-005,Inventory,Reconciliation,Compare platform stock against the source of truth,supplier_reconciliation and stock views,E1,platform/server/db/migrations/0002_views.sql:37-55,COMPLETE,P2,low,—,no action,No change,no,no,reusable after extraction,—
INV-006,Inventory,Production board,Track items in production,Board exists; older analysis reported it was discarded on reload,E2,platform/docs/SOW-GAP-ANALYSIS.md §6.3; not re-verified at HEAD,PARTIAL — IMPLEMENT BEFORE HANDOFF,P2,moderate,S,repository implementation,Re-verify persistence at HEAD and fix if the collection is still outside the synced set. A board that silently loses work is worse than no board,no,no,reusable after extraction,Documentation-only evidence; must be confirmed against code before acting
INV-007,Inventory,Dispatch / shipping status / tracking,Tracking number captured and shown,orders.tracking jsonb with a carrier allowlist (UPS/DHL/GLS),E1,"platform/server/db/migrations/0001_schema.sql:128,admin-data.js:275",COMPLETE,P2,moderate,—,no action,No carrier API integration; manual entry is acceptable at this scale,no,no,reusable after extraction,—
INV-008,Inventory,Shipment notification,Customer emailed when the order ships,Absent. No email on the shipped transition,E4,emails.js exports; no shipment template,MISSING — IMPLEMENT BEFORE HANDOFF,P1,high,S,repository implementation,Send a dispatch notification with the tracking number. This is the single most-expected email in B2B distribution and its absence generates avoidable support contact,no,no,reusable after extraction,—
RET-001,Returns,Customer request creation,Customer raises a return against an order,POST /user/returns with items and resolution,E1,platform/server/api/src/routes/orders.js:657,COMPLETE,P2,low,—,no action,No change,no,no,reusable after extraction,—
RET-002,Returns,Staff approval / rejection workflow,"Staff review, approve or reject, with reasons","Only open/closed. No approve, no reject, no reason, no staff decision endpoint",E1,platform/server/db/migrations/0001_schema.sql:189,PARTIAL — IMPLEMENT BEFORE HANDOFF,P1,high,M,repository implementation,"Add an explicit return status machine (requested/approved/rejected/received/resolved/closed) with attribution, mirroring the enquiry handling model built in WS2 Phase 2",no,no,reusable after extraction,The enquiry transition model is a good template already in the repository
RET-003,Returns,Evidence / photo upload,Customer attaches photographs of the fault,Absent on returns (spare_parts has an image field),E4,return_items columns; account.js:393 shows the pattern for spare parts,MISSING — IMPLEMENT BEFORE HANDOFF,P2,moderate,S,repository implementation,Reuse the existing upload endpoint and attach media to the return,no,no,reusable after extraction,—
RET-004,Returns,Credit or exchange decision,Outcome recorded and actioned,"return_items.resolution in (credit, exchange); no link to a credit note or replacement order",E1,platform/server/db/migrations/0001_schema.sql:200,PARTIAL — IMPLEMENT BEFORE HANDOFF,P2,moderate,M,repository implementation,Link an approved credit resolution to a credit_notes row and an exchange to a replacement order,no,no,reusable after extraction,—
RET-005,Returns,Warranty module,Warranty claims distinct from commercial returns,"Absent. No warranty table, route or screen",E4,repository-wide search for warranty (only the public policy page name),MISSING — IMPLEMENT BEFORE HANDOFF,P1,high,L,repository implementation,Decide whether warranty is a distinct workflow or a return reason. A distributor normally needs it distinct because the counterparty and cost owner differ,yes,no,reusable after extraction,Named as the biggest absent deliverable in platform/docs/SOW-GAP-ANALYSIS.md §4.11
RET-006,Returns,Spare parts,Customer requests replacement parts,"spare_parts request with model, part, notes, image",E1,"platform/server/api/src/routes/account.js:386-393,db/migrations/0001_schema.sql:420",COMPLETE,P3,low,—,no action,No change,no,no,reusable after extraction,—
RET-007,Returns,Customer communication on returns,Status changes are notified,Absent,E4,emails.js exports,MISSING — IMPLEMENT BEFORE HANDOFF,P2,moderate,S,repository implementation,Notify on each return status transition,no,no,reusable after extraction,—
CUS-001,Customer ops,Customer profiles,Full account record with terms and addresses,users plus addresses; extensive admin screen,E1,"platform/server/db/migrations/0001_schema.sql:25,403",COMPLETE,P2,low,—,no action,No change,no,no,reusable now,—
CUS-002,Customer ops,Leads,Prospect records ahead of an account,leads table and screen,E1,platform/server/db/migrations/0001_schema.sql:298,COMPLETE,P3,low,—,no action,No change,no,no,reusable after extraction,Not linked to form_submissions (see BIZ-002)
CUS-003,Customer ops,Sales agents and account ownership,Agents own a book of accounts,users.agent_id and agent routes,E1,"platform/server/api/src/routes/agent.js,shape.js:21",COMPLETE,P2,low,—,no action,No change,no,no,reusable after extraction,—
CUS-004,Customer ops,Territories,Geographic account ownership,Absent,E4,repository-wide search for territory,OPTIONAL — NOT STANDARD FOR CURRENT BUSINESS MODEL,P3,low,M,business decision,Not required at current scale; agent_id ownership is sufficient,yes,no,not applicable,—
CUS-005,Customer ops,Task ownership scoping,A user sees and edits only their own tasks,Older analysis reported no ownership scoping on task endpoints,E2,platform/docs/SOW-GAP-ANALYSIS.md §6.2 citing agent.js:119-125; not re-verified at HEAD,PARTIAL — IMPLEMENT BEFORE HANDOFF,P1,moderate,S,repository implementation,Re-verify at HEAD and scope task reads and writes to the owning user,no,no,reusable after extraction,Documentation-only evidence
CUS-006,Customer ops,Personal-data exposure in admin,Staff see only the personal data their role needs,The permissions screen deliberately shows only id/name/role/status; the general admin screens show everything,E1,platform/server/api/src/routes/account-permissions.js:65-72 vs routes/admin.js snapshot,PARTIAL — IMPLEMENT BEFORE HANDOFF,P2,moderate,M,repository implementation,Apply the same minimum-disclosure discipline to the general admin snapshot that the permissions endpoint already demonstrates,no,no,reusable after extraction,—
CUS-007,Customer ops,CRM boundary,Clear line between the platform and any external CRM,No CRM integration; crm_routing column exists on forms and is unused,E1,platform/server/db/migrations/0007_public_site.sql forms.crm_routing,REQUIRES BUSINESS INPUT,P2,moderate,M,business decision,Decide whether enquiries route to an external CRM. Until then the platform is the CRM and ENQ-006 is the delivery gap,yes,no,not applicable,—
ENQ-001,Enquiries,Three public forms with validation,"Closed field allowlist, length limits, type validation",Implemented as a closed allowlist with server-controlled field rejection,E1,platform/server/api/src/public-forms.js,COMPLETE,P1,low,—,no action,No change,no,no,reusable now,—
ENQ-002,Enquiries,Consent capture and versioning,Consent recorded with the wording version agreed,"consent_version + consent_at, version 2026-08-enquiry-v1",E1,platform/server/api/src/routes/public-forms.js:98-104,COMPLETE — RC VERIFICATION REQUIRED,P1,moderate,XS,business decision,The wording itself needs privacy-owner approval (LEG-003),yes,no,reusable now,—
ENQ-003,Enquiries,Abuse protection,Rate limiting and bot detection,"Honeypot (indistinguishable response) plus an in-process, in-memory throttle",E1,platform/server/api/src/routes/public-forms.js:35-70,PARTIAL — IMPLEMENT BEFORE HANDOFF,P1,high,S,repository implementation,"Move rate limiting to the edge (Caddy) or to a shared store. The current throttle is per-container, cleared by restart, and keyed on an address an attacker varies — it is documented as a mitigation, not a control",no,no,reusable after extraction,Honestly documented as weak in the code itself
ENQ-004,Enquiries,Durable storage,A submission is never lost to a delivery failure,Stored first with delivery_state 'pending'; never delivered inline,E1,platform/server/api/src/routes/public-forms.js:84-102,COMPLETE,P1,low,—,no action,No change. Store-then-deliver is the correct ordering,no,no,reusable now,—
ENQ-005,Enquiries,Staff access and status handling,Least-privilege access with a handling workflow,"enquiries.view/manage capabilities, 5-state machine, no delete, optimistic concurrency, audited",E1,"platform/server/api/src/routes/admin-enquiries.js,enquiry-operations.js,js/pages_enquiries.js",COMPLETE,P1,low,—,no action,No change. Gated on AUTH-008,no,no,reusable now,—
ENQ-006,Enquiries,Onward delivery (email / CRM),Someone is told an enquiry arrived,"Absent. Every submission stays delivery_state 'pending'; no worker, no notification",E1,repository-wide: no writer of delivery_state beyond the initial insert,MISSING — IMPLEMENT BEFORE HANDOFF,P0,critical,M,repository implementation,"Send a notification to a configured operations address on submission, with retry and a failed state. Without it an enquiry is only seen if someone opens the Enquiries screen — a public form that silently swallows sales leads is the most commercially damaging gap in this audit",no,no,reusable after extraction,The Enquiries screen (WS2 Phase 2) removed the invisibility problem but not the no-notification problem
ENQ-007,Enquiries,Assignment,An enquiry has an owner,"handled_by records who last acted, not who owns it",E1,platform/server/db/migrations/0009_enquiry_operations.sql,DEFERRED — ACCEPTABLE POST-HANDOFF,P3,low,S,repository implementation,Add an assignee when volume justifies it,no,no,reusable after extraction,—
ENQ-008,Enquiries,Retention and deletion,Personal data removed at the end of its retention period,Retention metadata derived and displayed; nothing deletes,E1,platform/server/api/src/enquiry-operations.js retentionMetadata; no deletion job,MISSING — IMPLEMENT BEFORE HANDOFF,P1,high,M,repository implementation,"Implement a supervised retention job that anonymises or deletes expired submissions, with a dry-run mode and an audit record. Stating a retention period and not honouring it is worse than not stating one",yes,no,reusable after extraction,See LEG-004
CMS-001,Content governance,Draft / verify / approve / publish lifecycle,Content moves through reviewed states,Full lifecycle with publication_state and verification_status,E1,"platform/server/db/migrations/0007_public_site.sql,publication-gate.js",COMPLETE,P1,low,—,no action,No change,no,no,reusable now,—
CMS-002,Content governance,Publication gate,Publication is refused unless preconditions hold,"Pure gate evaluating slug uniqueness, media, parent state, variations",E1,"platform/server/api/src/publication-gate.js,test/publication-gate.test.js",COMPLETE,P1,low,—,no action,No change,no,no,reusable now,—
CMS-003,Content governance,Publication boundary guard,Publication state cannot be changed by an ordinary edit,PATCH cannot cross into or out of published; only the governed endpoints can,E1,platform/server/api/src/routes/admin-public-content.js:276,COMPLETE,P0,low,—,no action,No change,no,no,reusable now,Closed a real bypass defect found in B2.4B2A
CMS-004,Content governance,Approval history,"Who approved what, when, from what source",content_approvals append-only log,E1,platform/server/db/migrations/0007_public_site.sql:242,COMPLETE,P1,low,—,no action,No change,no,no,reusable now,—
CMS-005,Content governance,Optimistic concurrency,Two editors cannot silently overwrite each other,Composite tokens on every governed mutation,E1,"admin-public-content.js,account-permissions.js,admin-enquiries.js",COMPLETE,P1,low,—,no action,No change,no,no,reusable now,—
CMS-006,Content governance,Content pages and policy pages editing,Policy and editorial text is editable by staff,content_pages and policies tables exist; NO admin editor and no public endpoint serve them,E1,"db/migrations/0007_public_site.sql:133,173; no route in admin-public-content.js or public.js",MISSING — IMPLEMENT BEFORE HANDOFF,P1,high,M,repository implementation,"Build the editor and the public read path, or accept that the six policy pages stay hard-coded Astro files. The tables exist and imply an editor that does not",no,no,reusable after extraction,Explains why PUB-009/010 are skeletons with nowhere for approved text to land
CMS-007,Content governance,Preview,See a draft as it will render before publishing,Absent,E4,targeted search of admin-public-content.js and the Astro routes,DEFERRED — ACCEPTABLE POST-HANDOFF,P2,moderate,M,repository implementation,"Add a signed preview URL. Valuable, not launch-critical",no,no,reusable after extraction,—
CMS-008,Content governance,Scheduling and bulk operations,Publish at a time; publish many at once,Absent (scheduled_review_at exists but nothing acts on it),E1,db/migrations/0007_public_site.sql scheduled_review_at,DEFERRED — ACCEPTABLE POST-HANDOFF,P3,low,M,repository implementation,Not launch-critical,no,no,reusable after extraction,—
MED-001,Media,Upload,"Validated, size-limited uploads to a controlled path","multer, 15 MB limit, image mimetype filter, random suffix, folder allowlist",E1,platform/server/api/src/routes/admin.js:833-848,COMPLETE,P2,moderate,—,no action,"No change, but see MED-002",no,no,reusable after extraction,—
MED-002,Media,Upload content validation,"File type verified by content, not by the client's claim",mimetype filter only; no magic-byte check,E1,platform/server/api/src/routes/admin.js:848,PARTIAL — IMPLEMENT BEFORE HANDOFF,P2,moderate,S,repository implementation,"Verify the file signature, and serve uploads with a fixed Content-Type and Content-Disposition so a mislabelled file cannot be interpreted as markup",no,no,reusable now,—
MED-003,Media,Alt text,Every public image has meaningful alt text,media.alt column; enforced non-null by default; the a11y audit asserts every img has an alt attribute,E1,"db/migrations/0007_public_site.sql:50,web/test/accessibility-responsive.test.ts",COMPLETE,P1,low,—,no action,No change. Alt-text QUALITY still needs a human (ACC-006),no,no,reusable after extraction,—
MED-004,Media,Dimensions and responsive delivery,Width/height recorded to avoid layout shift; responsive sources,width and height columns; no srcset or derivative generation,E1,db/migrations/0007_public_site.sql:51-52,PARTIAL — IMPLEMENT BEFORE HANDOFF,P2,moderate,M,repository implementation,Generate responsive derivatives and emit srcset. A public catalogue serving full-size images on a phone is a real performance and cost problem,no,no,reusable after extraction,—
MED-005,Media,Media rights,"Rights holder and expiry tracked, and never published",rights_holder and rights_expiry columns; both on the forbidden-key list,E1,"db/migrations/0007_public_site.sql:54-55,public-forbidden-keys.js",COMPLETE,P2,low,—,no action,"No change, but nothing warns on an approaching expiry",no,no,reusable after extraction,—
MED-006,Media,Deletion / replacement / orphan handling,Removing a record does not leave orphaned files or broken pages,No orphan sweep; the publication gate requires media to exist at publish time only,E4,targeted search for orphan/cleanup in admin.js and catalogue-audit,DEFERRED — ACCEPTABLE POST-HANDOFF,P3,low,S,repository implementation,Add a reporting-only orphan scan before any deletion job,no,no,reusable after extraction,—
MED-007,Media,Access control on uploads,Uploaded files are served without leaking anything private,"Served from /s3/* by Caddy as static files, no auth",E1,"platform/server/Caddyfile,Caddyfile.rc handle_path /s3/*",COMPLETE,P2,moderate,—,no action,Acceptable: only product imagery is stored there. Do not place customer documents in this volume without adding access control,no,no,reusable after extraction,—
SEO-001,SEO,Titles / descriptions / canonical,Route-specific metadata and a canonical URL,Implemented per route and tested,E1,"platform/server/web/test/metadata.test.ts,docs/.../05#3",COMPLETE,P1,low,—,no action,No change,no,no,reusable after extraction,—
SEO-002,SEO,robots.txt,Serves a correct policy from the real origin,Generated route driven by PUBLIC_SITE_ORIGIN,E1,"platform/server/web/src/pages/robots.txt.ts,test/indexing.test.ts",COMPLETE,P1,low,—,no action,No change,no,no,reusable after extraction,—
SEO-003,SEO,XML sitemap,"Complete, valid, generated from live records",Generated from /public/sitemap-data,E1,"platform/server/web/src/pages/sitemap.xml.ts,api public.js:447",COMPLETE — RC VERIFICATION REQUIRED,P1,moderate,—,supervised real-data operation,Verify contents once real records are published,no,yes,reusable after extraction,—
SEO-004,SEO,JSON-LD structured data,Valid structured data with no commercial facts,Built from validated public records; FORBIDDEN_JSONLD_KEYS asserted absent,E1,"platform/server/web/src/lib/structured-data.ts,test/seo-controls.test.ts",COMPLETE,P1,low,—,no action,No change,no,no,reusable after extraction,"offers, price, availability, aggregateRating, address and sameAs are all asserted absent"
SEO-005,SEO,Breadcrumbs,Visible and marked up,Implemented,E1,"platform/server/web/src/components/nav/,test/nav.test.ts",COMPLETE,P2,low,—,no action,No change,no,no,reusable after extraction,—
SEO-006,SEO,Open Graph / Twitter metadata,Rich link previews,Not verified in this audit,E3,inferred from metadata.test.ts coverage; not directly confirmed,PARTIAL — IMPLEMENT BEFORE HANDOFF,P2,low,XS,repository implementation,Confirm and complete OG/Twitter tags including an image. Links to the site will be shared in trade contexts,no,no,reusable after extraction,Lower-confidence finding; verify before acting
SEO-007,SEO,Pagination and filter indexing policy,Filtered and paged views must not create duplicate content,Indexing policy implemented and tested,E1,platform/server/web/test/indexing.test.ts,COMPLETE,P2,low,—,no action,No change,no,no,reusable after extraction,—
SEO-008,SEO,Error-page indexing,404 and 500 return the right status and are not indexed,Astro owns the catch-all so 404 is a true 404,E1,"platform/server/web/test/error-pages.test.ts,http-routes.test.ts",COMPLETE,P1,low,—,no action,No change,no,no,reusable after extraction,—
LEG-001,Legal,Privacy policy,"Binding, accurate privacy text",SKELETON,E1,platform/server/web/src/pages/privacy-policy/index.astro,REQUIRES LEGAL OR PRIVACY APPROVAL,P0,critical,S,business decision,Must be supplied and approved by the business's legal adviser. This is not legal advice; engineering must not draft binding text,yes,no,not applicable,Three public forms collect personal data today
LEG-002,Legal,Terms,Binding commercial terms,SKELETON,E1,platform/server/web/src/pages/terms/index.astro,REQUIRES LEGAL OR PRIVACY APPROVAL,P0,high,S,business decision,As above,yes,no,not applicable,—
LEG-003,Legal,Consent wording,The exact wording a submitter agrees to is reviewed,Version 2026-08-enquiry-v1 exists in code and has not been reviewed by a privacy owner,E1,platform/server/api/src/routes/public-forms.js:104,REQUIRES LEGAL OR PRIVACY APPROVAL,P0,high,XS,business decision,Have the wording reviewed before any real submission is taken,yes,no,not applicable,Versioning is correctly implemented so a later change does not reinterpret consent already given
LEG-004,Legal,Enquiry retention period,"A stated period, honoured",365-day default in code; forms table unseeded; no deletion (ENQ-008),E1,"enquiry-operations.js DEFAULT_RETENTION_DAYS,forms.retention_days",REQUIRES LEGAL OR PRIVACY APPROVAL,P1,high,XS,business decision,Confirm the period; then implement ENQ-008 to honour it,yes,no,not applicable,—
LEG-005,Legal,Cookie behaviour and banner,"Disclosure and, where required, consent for non-essential cookies",Public site sets no cookies and loads no third-party scripts; the portal sets only essential auth cookies,E1,"web/src (no analytics),authmw.js COOKIE_OPTS",COMPLETE,P2,low,—,no action,No banner is required while there are no non-essential cookies. Revisit the moment analytics is added,yes,no,reusable now,A genuine privacy-by-design strength worth preserving
LEG-006,Legal,Data subject deletion / anonymisation,A person can have their data removed,"Absent for users, enquiries and audit records",E4,repository-wide search for anonymise/erase/gdpr,MISSING — IMPLEMENT BEFORE HANDOFF,P1,high,M,repository implementation,"Provide a supervised, audited anonymisation path for a customer and for an enquirer. Deletion must not break order history — anonymise in place",yes,no,reusable after extraction,—
LEG-007,Legal,Audit log retention,Audit records kept for a defined period,audit_log grows without bound; no retention policy,E1,db/migrations/0001_schema.sql:350,DEFERRED — ACCEPTABLE POST-HANDOFF,P3,low,S,documentation/runbook,State a retention period; do not delete audit records without a decision,yes,no,reusable after extraction,—
LEG-008,Legal,Cross-border considerations,Where data is processed and stored is documented,Single VPS; no documented position,E2,platform/docs/RUNBOOK.md,REQUIRES BUSINESS INPUT,P2,moderate,XS,documentation/runbook,Record the hosting location and processing position for the privacy policy,yes,no,not applicable,—
ACC-001,Accessibility,Automated audit at 375/768/1280,Automated checks across viewports,"30 page/viewport audits, 17 rules, in a real browser",E1,platform/server/web/test/accessibility-responsive.test.ts,COMPLETE,P1,low,—,no action,No change,no,no,reusable now,No dependency was added
ACC-002,Accessibility,Tap target size,24x24 CSS px minimum (WCAG 2.2 AA 2.5.8),"20 occurrences under size, all in the footer",E1,"docs/.../29#5.1,web/test/accessibility-responsive.test.ts KNOWN",REQUIRES BUSINESS INPUT,P1,moderate,XS,business decision,"Add vertical padding to the footer navigation. It moves the footer's rhythm on every page, so it is a visual-system decision (R-07)",yes,no,not applicable,Pinned so any new occurrence fails
ACC-003,Accessibility,Text contrast,"4.5:1, or 3:1 for large text (WCAG 1.4.3)",183 occurrences at 4.06:1 and 2.65:1 from one 42%-alpha token,E1,docs/.../29#5.2,REQUIRES BUSINESS INPUT,P1,high,XS,business decision,"Raise the alpha token from 0.42 to about 0.52 — one token, clears it everywhere, no layout change. The 2.65:1 case is the development placeholder, which should not ship at all",yes,no,not applicable,Measured with proper alpha compositing
ACC-004,Accessibility,Micro-label font size,No WCAG minimum; a readability judgement,363 occurrences between 10px and 12px,E1,docs/.../29#5.3,REQUIRES BUSINESS INPUT,P2,moderate,XS,business decision,Decide together with ACC-003 since the same elements are affected,yes,no,not applicable,Not a conformance failure
ACC-005,Accessibility,Structure / landmarks / headings / labels / skip link,Correct document structure and labelling,Clean at all three widths on all ten routes,E1,web/test/accessibility-responsive.test.ts,COMPLETE,P1,low,—,no action,No change,no,no,reusable after extraction,Every field on all three enquiry forms is labelled
ACC-006,Accessibility,Manual verification,"Screen reader, keyboard walkthrough, focus visibility, alt-text quality, real devices, zoom and reflow",Not done. Automated checking covers roughly a third of WCAG issues,E1,docs/.../29#7,MISSING — IMPLEMENT BEFORE HANDOFF,P1,high,M,supervised real-data operation,A supervised manual pass is a release requirement. Focus visibility in particular is not checked at all,no,no,not applicable,—
ACC-007,Accessibility,Admin panel pinch-zoom disabled,Users can zoom (WCAG 1.4.4),index.html carries maximum-scale=1.0,E1,index.html meta viewport,PARTIAL — IMPLEMENT BEFORE HANDOFF,P2,moderate,XS,repository implementation,Remove maximum-scale. One attribute. Pre-existing and outside the public-site audit's scope,no,no,reusable now,—
ACC-008,Accessibility,Reduced motion,Respect prefers-reduced-motion,Not checked and not verified,E4,targeted search of web/src/styles for prefers-reduced-motion,DEFERRED — ACCEPTABLE POST-HANDOFF,P3,low,XS,repository implementation,Add the media query where animation exists,no,no,reusable after extraction,—
ACC-009,Accessibility,Cross-browser coverage,"Chrome, Firefox and Safari",Chrome headless only,E1,web/test/helpers/headless-chrome.ts,MISSING — IMPLEMENT BEFORE HANDOFF,P2,moderate,S,supervised real-data operation,"A manual Safari pass at minimum; Safari differs on flexbox gaps, dynamic viewport units and form control sizing",no,no,not applicable,—
SEC-001,Security,Authorisation model,Least privilege with separation of duties,Capability model on the governed surfaces; roles elsewhere; capability routers mounted before the general admin router,E1,"api/src/index.js,permissions.js",COMPLETE,P1,low,—,no action,No change,no,no,reusable now,—
SEC-002,Security,Warehouse role write scope,A fulfilment login cannot change commercial data,"warehouse reaches /admin and can write 17 of 18 collections through the generic sync — including promotions, invoices, payments, shippingRules and settings. Only users is blocked",E1,"routes/admin.js:33,765,shape.js SIMPLE_COLLECTIONS",COMPLETE,P2,low,M,repository implementation,"Restrict the sync collection set by role, or extend the capability model to commercial data. The users escalation named in the older analysis IS fixed; the wider write scope is not",no,no,reusable after extraction,"CLOSED 2026-08-06 (Phase 3). The generic sync refuses every non-admin before the transaction opens; warehouse work moved to narrow /admin/inventory routes that cannot touch a price. See 34 §6. Follow-up CLOSED 2026-08-07: the admin panel now derives permitted actions from GET /admin/access, and the two legitimate stock workflows use the narrow routes. See 34 §11"
SEC-003,Security,Public / private serializer boundary,Nothing commercial can reach a public surface,"Pure allowlist serializers, a central forbidden-key authority, and a second validation layer in the website",E1,"public-serialize.js,public-forbidden-keys.js,web/src/lib/public-types.ts",COMPLETE,P0,low,—,no action,No change,no,no,reusable now,Four surfaces covered; never against a real row (QA-006)
SEC-004,Security,R-01 link fallbacks,URLs are built from a deliberate configuration value,"Three modules fall back to https://veyora.design, which becomes the PUBLIC site after the cutover",E1,"authmw.js setPasswordLink,emails.js,routes/catalog.js listUrl; reported by scripts/verify-release.mjs",COMPLETE,P3,low,S,repository implementation,Introduce an explicit PORTAL_URL for portal-bound links and fail closed if it is unset. Password-reset and shared-list links already in customers' inboxes would 404 after the cutover,no,no,reusable now,"CLOSED 2026-08-06 (Phase 1). All six link sites build from the explicit origin contract. The three release-gate R-01 exceptions were DELETED, not muted, and the scan now reports zero open release blockers. See 34 §5"
SEC-005,Security,SQL parameterisation,No user-controlled value or identifier reaches SQL as text,Every interpolation traced to a code constant; all values parameterised,E1,"admin.js:340/350/468/645/803,admin-public-content.js:343,shape.js,admin-data.js:419",COMPLETE,P0,low,—,no action,No change,no,no,reusable now,Verified site by site in the WS2 Phase 6 sweep
SEC-006,Security,CSRF,Cross-origin form posts are refused,"Astro checkOrigin with allowedDomains from PUBLIC_SITE_ORIGIN, verified through a proxy reproducing Caddy's headers",E1,"web/astro.config.mjs,web/test/enquiry-e2e.test.ts",COMPLETE — RC VERIFICATION REQUIRED,P0,high,—,supervised deployment,HTTPS smoke test through real Caddy is still required,no,yes,reusable now,A test asserts no header_up Host in either Caddyfile
SEC-007,Security,CSRF on the portal API,State-changing API calls are protected,Cookies are sameSite=lax; no CSRF token on JSON endpoints,E1,authmw.js:12,PARTIAL — IMPLEMENT BEFORE HANDOFF,P1,moderate,S,repository implementation,sameSite=lax blocks the cross-site form case. Add an Origin/Referer check on state-changing API routes as defence in depth,no,no,reusable now,—
SEC-008,Security,CORS,No cross-origin access is granted unless needed,No CORS header anywhere; same-origin through /api/*,E1,repository-wide search; Caddyfile.rc comment,COMPLETE,P1,low,—,no action,No change,no,no,reusable now,—
SEC-009,Security,Security headers,"HSTS, nosniff, frame options, referrer policy",Present in both the live Caddyfile and Caddyfile.rc,E1,"platform/server/Caddyfile:10-13,Caddyfile.rc",COMPLETE,P1,low,—,no action,Consider adding a Content-Security-Policy; none is set today,no,no,reusable now,—
SEC-010,Security,Content-Security-Policy,A CSP restricting script and style sources,Absent,E4,search of both Caddyfiles and the Astro layouts,PARTIAL — IMPLEMENT BEFORE HANDOFF,P2,moderate,M,repository implementation,"Add a CSP. The public site loads no third-party scripts, so a strict policy is unusually easy here and should be adopted while that is still true",no,no,reusable after extraction,—
SEC-011,Security,Rate limiting,Authentication and public writes are rate limited,Absent on /auth; per-process best-effort on /forms only,E1,"routes/auth.js,routes/public-forms.js:35",COMPLETE,P2,low,S,repository implementation,See AUTH-004 and ENQ-003. Prefer one edge-level control covering both,no,no,reusable now,CLOSED 2026-08-06 (Phase 2) for authentication. The public enquiry forms keep their own separate in-process throttle; unifying them is follow-up. See 34 §4
SEC-012,Security,Secrets management,No secret in the repository; required secrets fail closed,No secret in any shipped artefact (scanned every run); JWT_SECRET required at boot; .env gitignored,E1,"scripts/verify-release.mjs secret-and-host-scan,authmw.js:5-6,.gitignore",COMPLETE,P0,low,—,no action,No change,no,no,reusable now,—
SEC-013,Security,Dependency and supply-chain controls,Dependencies audited and pinned,"10 runtime dependencies, lockfiles committed, zero added by WS2; NO vulnerability audit has been run",E1,"api/package.json,web/package.json; npm audit not run (offline constraint)",MISSING — IMPLEMENT BEFORE HANDOFF,P1,high,XS,repository implementation,Run npm audit in both packages and triage. A known CVE in one of ten packages would ship unnoticed,no,no,reusable now,Small surface is a genuine strength; the absent audit is the gap
SEC-014,Security,Audit logging,Security-relevant actions are attributable,"audit_log with actor id/name/role, action, target, changes; used by permissions, publication and enquiry transitions",E1,"db.js audit(),db/migrations/0001_schema.sql:350",COMPLETE,P1,low,—,no action,No change. Note the log is writable through the generic sync (SEC-002),no,no,reusable now,—
SEC-015,Security,Audit log integrity,Audit records cannot be edited by the people they describe,"audit is in the syncable collection set, so an admin can rewrite it",E1,shape.js SIMPLE_COLLECTIONS includes audit,COMPLETE,P3,low,S,repository implementation,Remove audit from the syncable set and make it append-only at the API. An audit log the audited party can edit is not an audit log,no,no,reusable now,"CLOSED 2026-08-06 (Phase 4). Append-only database triggers, audit removed from the syncable collection set, and the sync endpoint admin-only. Proving the trigger fires needs PostgreSQL and is an RC verification step. See 34 §7"
SEC-016,Security,Open redirects,Redirect targets are validated,Login handoff uses a ?next= parameter,E3,docs/.../04#8.2; not directly verified in this audit,PARTIAL — IMPLEMENT BEFORE HANDOFF,P2,moderate,XS,repository implementation,Confirm the next parameter is validated against an allowlist of internal paths,no,no,reusable after extraction,Lower-confidence finding; verify before acting
SEC-017,Security,Upload handling,Uploads validated and served safely,"Size limit, mimetype filter, folder allowlist, random filename",E1,routes/admin.js:833-848,PARTIAL — IMPLEMENT BEFORE HANDOFF,P2,moderate,S,repository implementation,See MED-002: add content-based type verification and fixed serving headers,no,no,reusable after extraction,—
SEC-020,Security,Third-party tracking inside the authenticated portal,No third-party analytics runs against signed-in users without a consent decision,"Analytics disabled by default. The Meta Pixel that initialised on every load and fired a PageView on every in-app route change for signed-in trade customers was REMOVED, with its hard-coded production id, and nothing replaced it",E1,"platform/server/storefront/index.html,platform/server/api/test/portal-analytics-disabled.test.js",COMPLETE,P0,high,—,business/privacy decision before any re-activation,"Leave disabled. Re-activation needs a configured id that is never committed, a consent mechanism for the jurisdictions Veyora trades in, and a view on whether tracking signed-in commercial behaviour is acceptable at all",yes,no,reusable now,"No dormant hook and no configuration flag holds the id - an id that only something else prevents from executing is one line away from executing again. 7 regressions injected including a dormant id in a config object and a different vendor entirely; 7 caught. Google Fonts is still loaded from a CDN on the same page, a separate and smaller decision"
INT-001,Integrations,Zoho Inventory,Stock and orders synchronised with the source of truth,"Live sync, order push, pause switch, scheduled job, status endpoint",E1,"platform/server/api/src/zoho.js,startup.js",COMPLETE — RC VERIFICATION REQUIRED,P1,high,—,supervised deployment,Verify sync and push against the live Zoho account before handoff,no,yes,tightly coupled to Veyora,Includes a documented run-without-Zoho cutover path
INT-002,Integrations,Zoho failure and retry behaviour,Failures are retried and surfaced,Pause switch and status endpoint; retry/dead-letter behaviour not verified in this audit,E3,zoho.js exports,PARTIAL — IMPLEMENT BEFORE HANDOFF,P2,moderate,S,repository implementation,Confirm what happens to a failed order push and make failures visible in the admin,no,no,tightly coupled to Veyora,—
INT-003,Integrations,Email delivery,Transactional email through a configured provider,nodemailer with SMTP from the environment,E1,platform/server/api/src/mail.js,COMPLETE — RC VERIFICATION REQUIRED,P0,high,—,supervised deployment,SMTP must be configured and verified; SPF/DKIM/DMARC alignment matters for deliverability,yes,yes,reusable now,SMTP_FROM has a hard-coded fallback (PAY-003 pattern); left deliberately untouched
INT-004,Integrations,Accounting / bookkeeping,Invoices and payments reach the accounting system,Absent,E4,repository-wide search for quickbooks/xero,REQUIRES BUSINESS INPUT,P2,moderate,XL,business decision,Confirm whether the platform must post to an accounting system or whether export is sufficient,yes,no,not applicable,Named as absent in platform/docs/SOW-GAP-ANALYSIS.md §4.12
INT-005,Integrations,CRM,Enquiries and leads reach a CRM,Absent; forms.crm_routing unused,E1,db/migrations/0007_public_site.sql,REQUIRES BUSINESS INPUT,P2,moderate,M,business decision,See CUS-007 and ENQ-006,yes,no,not applicable,—
INT-006,Integrations,FX provider,Rates from a dated feed,Manual rates only,E1,currency.js:9,REQUIRES BUSINESS INPUT,P2,moderate,S,business decision,See PRC-005,yes,no,reusable after extraction,—
INT-007,Integrations,Carrier / shipping API,Labels and tracking from the carrier,Manual tracking entry with a carrier allowlist,E1,admin-data.js:275,OPTIONAL — NOT STANDARD FOR CURRENT BUSINESS MODEL,P3,low,L,business decision,Not required at current volume,yes,no,not applicable,—
INT-008,Integrations,Webhook verification and idempotency,Inbound webhooks are authenticated and replay-safe,No inbound webhooks exist yet; the approved Stripe decision introduces one,E4,repository-wide search for webhook,MISSING — IMPLEMENT BEFORE HANDOFF,P1,high,M,repository implementation,RECLASSIFIED 2026-08-06 from NOT APPLICABLE. The approved Stripe decision makes this applicable: see PAY-010. Signature verification and event-id idempotency are both mandatory because Stripe retries deliveries by design,no,yes,reusable after extraction,Was correctly Not Applicable before the payment decision; it is the clearest example in this matrix of a status that a business decision changes
NOT-001,Notifications,Order confirmation,Customer and staff notified,Implemented,E1,"emails.js:214,307",COMPLETE,P1,low,—,no action,No change,no,no,reusable after extraction,—
NOT-002,Notifications,Shipment / tracking,Customer told when the order ships,Absent,E4,emails.js exports,MISSING — IMPLEMENT BEFORE HANDOFF,P1,high,S,repository implementation,See INV-008,no,no,reusable after extraction,—
NOT-003,Notifications,Backorder status changes,Customer told when a backorder moves,Creation only,E1,emails.js:273,PARTIAL — IMPLEMENT BEFORE HANDOFF,P1,moderate,S,repository implementation,See BACK-005,no,no,reusable after extraction,—
NOT-004,Notifications,Return and warranty updates,Customer told when a return moves,Absent,E4,emails.js exports,MISSING — IMPLEMENT BEFORE HANDOFF,P2,moderate,S,repository implementation,See RET-007,no,no,reusable after extraction,—
NOT-005,Notifications,Account approval / activation,Applicant told when their account is live,welcomeActivation exists and is sent from the admin path,E1,"emails.js:72,routes/admin.js:867,883",COMPLETE,P1,low,—,no action,No change. Note the enquiry-to-account link is missing (BIZ-002),no,no,reusable after extraction,—
NOT-006,Notifications,Enquiry notification,Staff told an enquiry arrived,Absent,E1,routes/public-forms.js stores only,MISSING — IMPLEMENT BEFORE HANDOFF,P0,critical,M,repository implementation,See ENQ-006. This is the highest-value single fix in the audit,no,no,reusable after extraction,—
NOT-007,Notifications,Email delivery failure handling,A failed send is retried and visible,"sendMail failures are caught; no retry queue, no dead-letter, no operator visibility",E1,"mail.js,routes/orders.js:52",PARTIAL — IMPLEMENT BEFORE HANDOFF,P1,high,M,repository implementation,"Record every send attempt and its outcome, and surface failures in the admin. A silently failed order confirmation is indistinguishable from a sent one today",no,no,reusable after extraction,—
NOT-008,Notifications,Communication preferences,Customers can opt out of non-essential email,Absent,E4,users table columns,DEFERRED — ACCEPTABLE POST-HANDOFF,P3,low,S,repository implementation,"All current email is transactional, so this is not urgent. Required before any marketing email",yes,no,reusable after extraction,campaigns and email_templates tables exist but the send path is a stub (REP-006)
REP-001,Reporting,Operational dashboards,At-a-glance operational state,Dashboard screen present; older analysis reported some cards were placeholders,E2,js/pages_core.js:81-84 per SOW-GAP-ANALYSIS §5; not re-verified at HEAD,PARTIAL — IMPLEMENT BEFORE HANDOFF,P2,moderate,S,repository implementation,Re-verify at HEAD and remove or wire any placeholder card,no,no,reusable after extraction,Documentation-only evidence
REP-002,Reporting,Inventory and sales reporting views,"Reportable, reconcilable figures",5 SQL views including supplier_reconciliation and units_sold_by_model,E1,db/migrations/0002_views.sql,COMPLETE,P2,low,—,no action,No change,no,no,reusable after extraction,—
REP-003,Reporting,Enquiry reporting,Volume and handling performance,List with filters and counts; no aggregate reporting,E1,routes/admin-enquiries.js listEnquiries,DEFERRED — ACCEPTABLE POST-HANDOFF,P3,low,S,repository implementation,Add when volume justifies it,no,no,reusable after extraction,—
REP-004,Reporting,Permission and publication reporting,Who holds what; what was published when,content_approvals is queryable; no report screen,E1,db/migrations/0007_public_site.sql:242,DEFERRED — ACCEPTABLE POST-HANDOFF,P3,low,S,repository implementation,See AUTH-011,no,no,reusable after extraction,—
REP-005,Reporting,Data exports,Staff can export operational data,xlsx-lite exists; CSV import paths exist,E1,platform/server/api/src/xlsx-lite.js,COMPLETE — RC VERIFICATION REQUIRED,P3,moderate,—,supervised real-data operation,Confirm exports honour the same data-minimisation rules as the screens,no,yes,reusable after extraction,—
REP-006,Reporting,Campaign / broadcast reporting,"Sends, opens, clicks",Campaign send is a stub; opens and clicks stay zero,E1,js/pages_customers.js:765-771 confirmed at HEAD,PARTIAL — IMPLEMENT BEFORE HANDOFF,P2,moderate,M,repository implementation,Remove the control or implement it. A screen reporting zeros that can never be non-zero misleads a reader,no,no,reusable after extraction,—
REP-007,Reporting,Audit log access,Staff can read the audit trail,Audit screen with an Undo control that does not revert,E1,js/pages_ops.js:450-461 confirmed at HEAD,COMPLETE,P3,low,S,repository implementation,Remove the Undo control. It writes a new audit row saying the action was reversed while reverting nothing — the log actively misstates what happened,no,no,reusable after extraction,"CLOSED 2026-08-06 (Phase 4). The Undo control is removed. It never reverted anything: it set undone=true and inserted a row claiming a reversal while the action remained in force, so the log actively misstated what had happened"
OPS-001,Reliability,Health checks,Every service reports real readiness,"db pg_isready, api /health running select 1, web /healthz; all health-gated",E1,"docker-compose.yml,docs/.../26#5",COMPLETE,P1,low,—,no action,No change,no,no,reusable now,api healthcheck added in WS2 Phase 1
OPS-002,Reliability,Startup safety,A half-migrated API must not serve,startServer refuses to listen if ensureSchema fails,E1,"platform/server/api/src/startup.js:32-39,test/startup.test.js",COMPLETE,P1,low,—,no action,No change,no,no,reusable now,—
OPS-003,Reliability,Logging,"Structured, searchable logs","console logging to container stdout; no structure, no aggregation",E1,repository-wide console.error/warn usage,PARTIAL — IMPLEMENT BEFORE HANDOFF,P2,moderate,S,repository implementation,Adopt one-line structured logs with a request id. Docker retains them; nothing aggregates or searches them,no,no,reusable after extraction,Deliberately no payload logging on the enquiry path — preserve that
OPS-004,Reliability,Monitoring and alerting,Somebody is told when the platform is down,"Absent. No uptime monitor, no alert channel, no error tracking",E4,repository-wide search for sentry/prometheus/monitor/alert,MISSING — IMPLEMENT BEFORE HANDOFF,P0,critical,S,supervised deployment,"Add external uptime monitoring on the public host, the portal host and /api/health, alerting to a named owner. Without it an outage is discovered by a customer",yes,yes,reusable after extraction,The single largest operational gap
OPS-005,Reliability,Backups,"Regular, retained, off-host backups",Documented as a nightly pg_dump with 14-day retention on the server; the script is NOT in the repository,E2,platform/docs/RUNBOOK.md:172-181; no backup.sh in the repo,REQUIRES PRODUCTION CREDENTIALS OR ACCESS,P0,critical,S,supervised deployment,Verify the cron actually runs and the retention holds. Bring backup.sh into the repository so it is reviewable and reproducible,no,yes,reusable after extraction,A backup nobody has verified is a hope
OPS-006,Reliability,Restore testing,A restore has actually been performed,"Documented procedure; the runbook itself recommends off-server copies, implying it is not automated",E2,platform/docs/RUNBOOK.md:176-181,MISSING — IMPLEMENT BEFORE HANDOFF,P0,critical,S,supervised deployment,Perform one full restore into a disposable database and record the result and the elapsed time. An untested backup is not a backup,no,yes,not applicable,—
OPS-007,Reliability,Scheduled jobs,Background work runs reliably and visibly,"Zoho schedule started at boot; no job status, no failure surface",E1,"startup.js:44,zoho.js:370",PARTIAL — IMPLEMENT BEFORE HANDOFF,P2,moderate,S,repository implementation,Record each run and its outcome so a silently stopped scheduler is visible,no,no,reusable after extraction,—
OPS-008,Reliability,Retry queues and dead-letter handling,Failed asynchronous work is retried and inspectable,"Absent (email NOT-007, enquiry delivery ENQ-006, Zoho push INT-002)",E4,repository-wide search for queue/retry/dead-letter,MISSING — IMPLEMENT BEFORE HANDOFF,P1,high,M,repository implementation,"One small durable outbox table serving email, enquiry delivery and Zoho push would close three findings at once",no,no,reusable after extraction,Recommended as a single workstream — see the backlog
OPS-009,Reliability,Support runbook and ownership,A named owner and a written procedure,"RUNBOOK.md covers DNS, logins, email, Zoho, everyday operations, backups and security; no named owner, no incident procedure",E1,platform/docs/RUNBOOK.md,PARTIAL — IMPLEMENT BEFORE HANDOFF,P1,high,XS,documentation/runbook,"Add a named owner, an escalation path and a short incident procedure. The runbook is unusually good and this is a small addition",yes,no,reusable after extraction,—
DEP-001,Deployment,Compose topology,"Every service defined, health-gated, least-exposed",4 services; only Caddy publishes ports (80/443); no privileged flags; no source bind-mounts,E1,"docker-compose.yml,api/test/deployment-config.test.js",COMPLETE — RC VERIFICATION REQUIRED,P1,moderate,—,supervised deployment,docker compose config has never been run,no,yes,reusable now,30 static validation tests
DEP-002,Deployment,Reverse proxy routing,Correct precedence and header contract,Live Caddyfile unchanged; Caddyfile.rc holds the RC topology and is opt-in,E1,"platform/server/Caddyfile,Caddyfile.rc",COMPLETE — RC VERIFICATION REQUIRED,P0,high,—,supervised deployment,caddy validate has never been run,no,yes,reusable after extraction,Cutover is one .env line; rollback is deleting it
DEP-003,Deployment,Environment contract,Required variables fail closed,${VAR:?} in Compose plus validate-env.mjs; wildcard hosts now rejected,E1,"docker-compose.yml,web/scripts/validate-env.mjs,web/src/env.ts",COMPLETE,P1,low,—,no action,No change,no,no,reusable now,A wildcard-host defect was found and fixed by the env-validation gate
DEP-004,Deployment,Migrations on deploy,Schema changes apply automatically and safely,ensureSchema runs at boot and mirrors every in-scope migration idempotently; a structural parity suite compares both definitions object by object,E1,"platform/server/api/src/migrate.js,startup.js,test/schema-parity.test.js",COMPLETE — RC VERIFICATION REQUIRED,P0,high,—,supervised deployment,Rehearse against a disposable PostgreSQL. 0009 and 0011-0016 have never executed anywhere,no,yes,reusable now,"CORRECTED in the Final Release Correction. This row previously claimed ensureSchema mirrored EVERY migration; it did not. Migrations 0003, 0004 and 0005 were never mirrored - six objects, all used at runtime, with po_number_seq read on every /admin/snapshot. Now mirrored, with test/schema-parity.test.js parsing both definitions so a future migration is covered automatically. 0001 (base schema) and 0002 (reporting views) remain migration-only with tested reasons"
DEP-005,Deployment,Release gate,One command runs every control,"scripts/verify-release.mjs — 16 gates, non-zero on failure, no production contact",E1,"scripts/verify-release.mjs,test/verify-release.test.js",COMPLETE,P1,low,—,no action,No change,no,no,reusable now,—
DEP-006,Deployment,Rollback,A tested way back,Documented and non-destructive; never performed,E1,"docs/.../26#8,deploy.sh NOTE",COMPLETE — RC VERIFICATION REQUIRED,P0,critical,S,supervised deployment,Perform a cutover and a rollback on the RC host and record the result,no,yes,reusable after extraction,—
DEP-007,Deployment,DNS,The portal host resolves before the cutover,Not done; not verifiable from here,E2,docs/.../26#8,REQUIRES PRODUCTION CREDENTIALS OR ACCESS,P0,critical,XS,supervised deployment,Confirm PORTAL_DOMAIN resolves to the host before touching Caddy,no,yes,not applicable,The portal becomes unreachable the moment it moves if this is wrong
DEP-008,Deployment,HTTPS,Valid certificates on both hosts,"Caddy automatic certificate management, unchanged and untested here",E2,platform/server/Caddyfile,REQUIRES PRODUCTION CREDENTIALS OR ACCESS,P0,high,XS,supervised deployment,Verify certificate issuance for the new host at cutover,no,yes,reusable now,—
DEP-009,Deployment,Release-line lineage and integration path,A branch can be merged into the mainline,"CORRECTED 2026-08-06: the histories are NOT unrelated. main is a direct ancestor of mathew/public-website-rebuild (0 behind, 35 ahead) and merging is a fast-forward",E1,docs/.../33_GIT_HISTORY_AND_RELEASE_LINE_DIAGNOSIS.md; git merge-base --is-ancestor origin/main origin/mathew/public-website-rebuild is true,REQUIRES BUSINESS INPUT,P2,moderate,S,supervised deployment,Confirm the release line and authorise a fast-forward merge into main using --ff-only. Never use --allow-unrelated-histories on this repository: there is exactly one root commit and the flag would mask a real error,yes,no,not applicable,"DOWNGRADED from P0 critical. The original finding was a false positive caused by a SHALLOW CLONE: .git/shallow contained 2c749ec, so git presented a grafted commit as a parentless root and merge-base could not see past it. A read-only unshallow fetch resolved every merge-base. See 33 §9 for the mechanism and the diagnostic lesson"
DEP-010,Deployment,Handoff documentation,Another engineer can continue safely,32 numbered documents plus a runbook; unusually thorough,E1,"docs/public-website-rebuild/,platform/docs/",COMPLETE,P1,low,—,no action,No change. This is a genuine strength of the project,no,no,reusable now,—
QA-001,Testing,API test suite,Behavioural coverage of the API,"1,091 tests against controlled doubles",E1,platform/server/api/test/,COMPLETE,P1,low,—,no action,No change,no,no,reusable now,—
QA-002,Testing,Admin frontend suite,Coverage of the admin panel,186 tests driving the real shipped files in a DOM shim,E1,test/,COMPLETE,P1,low,—,no action,No change,no,no,reusable now,A dependency-free DOM shim; a genuinely reusable technique
QA-003,Testing,Public website suite,"Coverage of routes, rendering and SEO",466 tests including end-to-end HTTP against the real built server,E1,platform/server/web/test/,COMPLETE,P1,low,—,no action,No change,no,no,reusable now,—
QA-004,Testing,Browser-based accessibility and responsive tests,Real-browser verification,"30 page/viewport audits, no dependency added",E1,web/test/accessibility-responsive.test.ts,COMPLETE,P1,low,—,no action,No change,no,no,reusable now,—
QA-005,Testing,Real-database migration rehearsal,Migrations proven against a real engine,Never done,E1,"docs/.../26#9,31#4",MISSING — IMPLEMENT BEFORE HANDOFF,P0,critical,S,supervised deployment,Bring up a disposable PostgreSQL and run every migration and ensureSchema,no,yes,not applicable,See DEP-004
QA-006,Testing,Live-row data-leak verification,The forbidden-data scan runs against real data,Never done. All four surfaces are proven against adversarial fixtures only,E1,docs/.../08 R-06,REQUIRES PRODUCTION CREDENTIALS OR ACCESS,P0,critical,S,supervised real-data operation,Run the scan against a realistically seeded database. A field that exists in production but in no fixture is invisible to every current check,no,yes,not applicable,The reason R-06 cannot close
QA-007,Testing,CI enforcement,A failing change cannot be merged,No CI of any kind exists,E4,"no .github, no .gitlab-ci.yml, no Jenkinsfile",MISSING — IMPLEMENT BEFORE HANDOFF,P0,high,S,repository implementation,Wire scripts/verify-release.mjs into CI on every pull request and block a failing merge. The command exists; nothing runs it,no,no,reusable now,The other half of the R-06 mitigation
QA-008,Testing,Performance and load testing,Behaviour under realistic load is known,Never done,E4,repository-wide search for load/k6/artillery,MISSING — IMPLEMENT BEFORE HANDOFF,P2,moderate,M,supervised real-data operation,Measure the catalogue and public listing paths at realistic volume. CAT-007 identifies a known in-JS filter over ~1000 products,no,yes,not applicable,—
QA-009,Testing,Security testing,Authorisation and boundary tests,"Extensive: capability gating, boundary guards, forbidden keys, publication bypass, concurrency; no external penetration test",E1,"api/test/permissions.test.js,publication-boundary.test.js,public-forbidden-keys.test.js",PARTIAL — IMPLEMENT BEFORE HANDOFF,P2,moderate,M,supervised real-data operation,Internal coverage is strong. An independent review before public launch is the conventional next step,yes,no,reusable now,—
QA-011,Testing,Migration / runtime schema parity,The canonical migrations and the runtime bootstrap cannot diverge silently,"Structural parity suite parses both and compares every table, column, index, sequence, function and trigger; migration-only exclusions must carry a stated, tested reason",E1,"platform/server/api/test/schema-parity.test.js,scripts/verify-release.mjs",COMPLETE,P0,high,—,no action,Keep as built; the suite is protected by the critical-invariants release gate,no,no,reusable now,"Added by the Final Release Correction. Proved by injecting five regressions - including a brand-new unmirrored migration - all five caught. Covers migrations that do not exist yet, which is the property that stops this class of defect recurring"
REU-001,Reusability,Account-specific capability system,A least-privilege permission layer,Registry + DB CHECK + resolution + middleware + management API + UI,E1,"permission-registry.js,permissions.js,routes/account-permissions.js,js/pages_permissions.js",COMPLETE,P2,low,—,no action,Reusable now. The strongest single component for reuse — domain-free and complete,no,no,reusable now,Rename the four public_content keys per project; the machinery is generic
REU-002,Reusability,Inventory movements ledger,An append-only stock audit trail,"Signed deltas, balance snapshots, actor attribution, deliberately FK-free",E1,platform/server/api/src/inventory.js,COMPLETE,P2,low,—,no action,Reusable now,no,no,reusable now,—
REU-003,Reusability,Backorder engine,"Shortfall detection, split fulfilment and conversion",Planning functions are pure and separately tested,E1,inventory.js planAllocation/planConversion/planSkuReservations,COMPLETE,P2,low,—,no action,Reusable now,no,no,reusable now,The pure planners are the reusable part; the routes are Veyora-shaped
REU-004,Reusability,Public API boundary and forbidden-key scanner,A provable public/private data boundary,"One central authority, recursive scanner, exact-match normalisation",E1,"public-forbidden-keys.js,public-serialize.js",COMPLETE,P2,low,—,no action,Reusable now. The scanner is domain-free; the key list is per project,no,no,reusable now,—
REU-005,Reusability,Publication governance,Draft/verify/approve/publish with a gate,Pure gate plus transactional publish and an approval log,E1,"publication-gate.js,routes/admin-public-content.js",COMPLETE,P2,low,—,no action,Reusable after extraction,no,no,reusable after extraction,Entity-shape assumptions are Veyora-specific
REU-006,Reusability,Public Astro website,Server-rendered public site with real 404s and SEO controls,"Complete route set, metadata, sitemap, JSON-LD, indexing policy",E1,platform/server/web/,COMPLETE,P2,low,—,no action,Reusable after extraction,no,no,reusable after extraction,Layouts and token layer are Veyora-branded
REU-007,Reusability,Release verification command,One command running every control,"16 gates, portable, no production contact, self-tested",E1,scripts/verify-release.mjs,COMPLETE,P2,low,—,no action,Reusable now. Gate list is per project; the harness is generic,no,no,reusable now,—
REU-008,Reusability,Dependency-free browser QA harness,Real-browser testing with no dependency,CDP over Node's global WebSocket plus a 17-rule in-page audit,E1,"web/test/helpers/headless-chrome.ts,a11y-audit.ts",COMPLETE,P2,low,—,no action,Reusable now,no,no,reusable now,"Notably valuable: no Playwright, no browser download, works anywhere Chrome or Edge exists"
REU-009,Reusability,Dependency-free DOM shim,Testing a vanilla-JS SPA without a framework or browser,vm-based shim driving the real shipped files,E1,test/helpers/dom.js,COMPLETE,P3,low,—,no action,Reusable now,no,no,reusable now,—
REU-010,Reusability,Deterministic catalogue audit and backfill planner,Plan data changes without executing them,"NFC/NFKD normalisation, ASCII-only case folding, byte-wise ordering, never emits SQL",E1,platform/server/api/src/catalogue-audit/,COMPLETE,P2,low,—,no action,Reusable after extraction,no,no,reusable after extraction,The determinism discipline is the reusable idea
REU-011,Reusability,Deployment architecture,Compose + Caddy with health gating and an opt-in cutover,"4 services, health-gated ordering, selectable Caddyfile, non-destructive rollback",E1,"docker-compose.yml,Caddyfile.rc,deploy.sh",COMPLETE,P2,low,—,no action,Reusable after extraction,no,no,reusable after extraction,The opt-in cutover pattern is worth carrying forward
REU-012,Reusability,Enquiry handling model,A no-delete status machine with attribution and concurrency,"5 states, closed transition allowlist, no terminal state, no delete",E1,enquiry-operations.js,COMPLETE,P2,low,—,no action,Reusable now,no,no,reusable now,A good template for RET-002
REU-013,Reusability,Authentication and account management,"Sessions, refresh, reset, activation",JWT + refresh rotation + OTP + bcrypt,E1,"authmw.js,routes/auth.js",COMPLETE,P2,low,—,no action,"Reusable after extraction, and only after AUTH-002 and AUTH-004 are fixed",no,no,reusable after extraction,Do not carry the PUBLIC_URL-derived Secure flag forward
REU-014,Reusability,Admin shell,"Navigation, routing, capability-filtered menu","Vanilla JS SPA, no build step",E1,js/app.js,COMPLETE,P3,moderate,—,no action,Tightly coupled to Veyora,no,no,tightly coupled to Veyora,Works well but its data model is a whole-database in-memory snapshot
REU-015,Reusability,Whole-database admin sync,Client holds all data and syncs diffs,POST /admin/sync over 18 collections,E1,"routes/admin.js:733,shape.js",COMPLETE,P2,high,—,no action,"Unsuitable for reuse. It is the root of SEC-002, SEC-015 and PAY-006",no,no,unsuitable for reuse,Works at this scale; do not carry the pattern to a new project
REU-016,Reusability,Multi-currency with rate stamping,Historical reproducibility of converted amounts,"currency + fx_rate stamped on orders, backorders and invoices",E1,"migrate.js:81-84,100-101",COMPLETE,P2,low,—,no action,Reusable now,no,no,reusable now,The stamping discipline is the reusable part; the manual rate source is not (PRC-005)
REU-017,Reusability,Customer-specific pricing,Per-account price modes,Four modes with a shared resolver,E1,"platform/server/api/src/pricing.js,js/data.js",COMPLETE,P2,low,—,no action,Reusable after extraction,no,no,reusable after extraction,—
REU-018,Reusability,Cart and ordering,"Cart, reservation, order placement",Transactional with guarded reservations,E1,"routes/cart.js,routes/orders.js",COMPLETE,P2,moderate,—,no action,"Reusable after extraction, and only after ORD-003",no,no,reusable after extraction,Idempotency is missing and should be added before reuse
REU-019,Reusability,Returns / warranty / spare parts,Aftersales workflows,Returns are minimal; warranty absent; spare parts basic,E1,"routes/orders.js:657,account.js:386",PARTIAL — IMPLEMENT BEFORE HANDOFF,P2,moderate,—,no action,Not yet suitable for reuse; see RET-002 and RET-005,no,no,unsuitable for reuse,—
REU-020,Reusability,Zoho integration,Inventory source-of-truth synchronisation,"Live sync, push, pause, schedule",E1,platform/server/api/src/zoho.js,COMPLETE,P3,moderate,—,no action,Tightly coupled to Veyora,no,no,tightly coupled to Veyora,The pause/cutover pattern is the transferable idea
